Seitenname;neues_kuerzel
adress.htm;c
alsterfleet.htm;i_4_0
artgenda.htm;a_2_0
awards.htm;a_1_0
axel_springer.htm;i_4_0
bautafel.htm;a_2_0
bridge_commercial.htm;p_3
bridge_leer.htm;p_B
bridge_prefabrication.htm;p_2
bridge_projects.htm;p_0
bridge_residential.htm;p_1
bridge_special.htm;p_4
competitions.htm;i_4_0
dan_graham.htm;p_4_1
eisbahn.htm;i_4_0
employment.htm;c_3
eulenkrugstrasse.htm;p_2_5
exhibititions.htm;a_2_0
Hausboot.htm;p_4_2
hcu.htm;i_4_0
HighTeck.htm;X
house_aisslinger.htm;p_1_2
house_hoffmann.htm;p_1_1
house_kroeger.htm;p_1_6
imprint.htm;c_4
inside.htm;i_0
adress.htm;c_0
LampeCromo.htm;p_4_8
LampeO.htm;p_4_4
lassahn.htm;p_1_5
loftcube.htm;p_2_2
metromorph.htm;a_2_0
mobile.htm;X
mobile_LS.htm;X
mobile_LS_ohne_Popus.htm;X
mobile_LS_vor_Zweiwort.htm;X
mobile_ohne_popups.htm;X
mobile_parallax.css;X
mobile_parallax_.css;X
mobile_parallax_Original.css;X
mobile_parallax_References.css;X
mobile_parallax_zoomIn.css;X
mobile_Popup.htm;X
mobile_vor_Zweiwort.htm;X
m_adress.htm;X
m_references.htm;X
opera.htm;i_4_0
organic_theatre.htm;p_4_5
outside.htm;a_0
people.htm;i_2_0
portrait.htm;i_1_0
press.htm;c_1
publikationen.htm;a_3_0
references.htm;i_3_0
kaiserkai.htm;i_4_0
Schaefer16.htm;p_3_8
schwimmbad.htm;p_4_7
STC17_all.htm;p_1_3
STC17_living.htm;p_1_3
STC17_penthouse.htm;p_1_3
steindamm.htm;p_3_1
stilwerk.htm;p_3_7
Tokyo.htm;i_4_0
TV_Collection.html;X
U2_Tower.htm;p_3_4
Visualization.htm;a_4_0
wellmade.htm;p_2_1
wellmade_2_0.htm;p_2_6
workshop.htm;p_3_5
workspace.htm;X
workspace_X.htm;X
youth_bank.htm;i_4_0
